ID,Name,Tag,Date
P-1,Codeforces Round 632,data structures,2019-07-13
P-1,Codeforces Round 632,brute force,2019-07-13
P-1,Codeforces Round 652,graphs,2017-04-22
P-1,Codeforces Round 652,greedy,2017-04-22
P-1,Codeforces Round 652,dp,2017-04-22
P-1,Codeforces Round 652,strings,2017-04-22
P-2,Leetcode Weekly Contest 696,binary search,2020-02-02
P-2,Leetcode Weekly Contest 570,binary search,2019-03-17
P-2,Leetcode Weekly Contest 570,greedy,2019-03-17
P-2,Leetcode Weekly Contest 570,strings,2019-03-17
P-2,Leetcode Weekly Contest 570,brute force,2019-03-17
P-2,Leetcode Weekly Contest 570,math,2019-03-17
P-2,Leetcode Biweekly Contest 428,math,2020-07-25
P-2,Leetcode Biweekly Contest 428,strings,2020-07-25
P-2,Leetcode Weekly Contest 508,strings,2018-10-08
P-2,Leetcode Weekly Contest 508,graphs,2018-10-08
P-2,Leetcode Weekly Contest 508,math,2018-10-08
P-1,Codeforces Round 509,binary search,2017-03-08
P-1,Codeforces Round 509,graphs,2017-03-08
P-1,Codeforces Round 509,math,2017-03-08
P-1,Codeforces Round 509,greedy,2017-03-08
P-1,Codeforces Round 438,brute force,2019-01-13
P-1,Codeforces Round 521,brute force,2016-12-25
P-1,Codeforces Round 521,implementation,2016-12-25
P-1,Codeforces Round 521,data structures,2016-12-25
P-1,Codeforces Round 521,number theory,2016-12-25
P-2,Leetcode Weekly Contest 656,number theory,2020-04-24
P-2,Leetcode Weekly Contest 656,data structures,2020-04-24
P-2,Leetcode Weekly Contest 656,binary search,2020-04-24
P-2,Leetcode Weekly Contest 656,math,2020-04-24
P-2,Leetcode Weekly Contest 533,data structures,2018-11-17
P-2,Leetcode Weekly Contest 533,math,2018-11-17
P-2,Leetcode Biweekly Contest 671,data structures,2019-08-25
P-2,Leetcode Biweekly Contest 671,math,2019-08-25
P-2,Leetcode Biweekly Contest 475,dp,2017-08-07
P-2,Leetcode Biweekly Contest 475,strings,2017-08-07
P-2,Leetcode Biweekly Contest 475,implementation,2017-08-07
P-2,Leetcode Biweekly Contest 475,data structures,2017-08-07
P-2,Leetcode Biweekly Contest 508,binary search,2020-06-20
P-1,Codeforces Round 455,strings,2018-09-13
P-1,Codeforces Round 455,binary search,2018-09-13
P-2,Leetcode Biweekly Contest 590,dp,2018-12-09
P-2,Leetcode Biweekly Contest 590,data structures,2018-12-09
P-2,Leetcode Biweekly Contest 590,number theory,2018-12-09
P-2,Leetcode Biweekly Contest 590,binary search,2018-12-09
P-2,Leetcode Biweekly Contest 590,graphs,2018-12-09
