Users_ID,Name,Problem_ID
U-1,crottles,315
U-1,crottles,574
U-1,crottles,914
U-1,crottles,603
U-1,kupang,431
U-1,kupang,331
U-1,kupang,813
U-1,kupang,846
U-1,autochthon,408
U-1,autochthon,109
U-1,autochthon,798
U-1,autochthon,857
U-1,autochthon,887
U-1,autochthon,859
U-2,sasquatch,136
U-2,sasquatch,1173
U-2,sasquatch,1089
U-2,sasquatch,587
U-2,sasquatch,550
U-2,sasquatch,841
U-2,acrogens,1136
U-2,acrogens,84
U-2,acrogens,451
U-2,acrogens,922
U-2,acrogens,99
U-2,acrogens,315
U-2,propulsion,468
U-2,propulsion,245
U-2,propulsion,108
U-2,flameless,847
U-2,flameless,107
U-2,flameless,988
U-2,flameless,15
U-2,flameless,365
U-3,Panicum,928
U-3,Panicum,112
U-3,allurers,254
U-3,allurers,1129
U-3,allurers,1017
U-3,allurers,811
U-3,dialkyl,428
U-3,dialkyl,636
U-3,dialkyl,1068
U-3,dialkyl,477
U-4,neckcloths,131
U-4,neckcloths,719
U-4,neckcloths,937
U-5,symbiote,331
U-5,symbiote,122
U-5,symbiote,567
U-5,symbiote,1040
U-5,purpart,813
U-5,purpart,21
U-5,purpart,953
U-5,purpart,816
U-5,purpart,740
U-5,purpart,930
U-5,weirdly,1116
U-5,weirdly,743
U-5,weirdly,729
U-5,weirdly,866
U-6,classicise,844
U-6,classicise,600
U-6,classicise,543
U-6,classicise,315
U-6,candidates,449
U-6,candidates,287
U-6,candidates,202
U-6,candidates,404
U-6,candidates,468
U-6,nobody,574
U-6,nobody,231
U-6,nobody,756
U-6,nobody,1070
U-7,hurting,99
U-7,hurting,758
U-8,desultor,938
U-8,desultor,444
U-8,desultor,588
U-8,desultor,304
U-9,sheeted,346
U-9,sheeted,209
U-9,sheeted,730
U-9,sheeted,78
U-9,sheeted,518
U-9,bimodular,148
U-9,bimodular,54
U-9,bimodular,1041
U-9,bimodular,1121
U-9,bimodular,495
U-9,unfleshed,885
U-9,unfleshed,11
U-9,unfleshed,335
U-9,unfleshed,508
U-9,unfleshed,641
U-9,unfleshed,337
U-10,left-brain,503
U-10,left-brain,1056
U-10,carnauba,388
U-10,carnauba,827
U-10,carnauba,660
U-10,carnauba,1046
U-10,carnauba,336
U-10,nitta-tree,666
U-10,nitta-tree,561
U-10,finchlike,64
U-10,finchlike,814
U-10,finchlike,718
U-10,finchlike,490
U-10,finchlike,259
U-11,fairleads,646
U-11,fairleads,369
U-11,sakpata,328
U-11,sakpata,167
U-11,sakpata,555
U-11,sakpata,1089
U-11,sakpata,1007
U-11,trade,55
U-11,trade,88
U-12,cloze,392
U-12,cloze,981
U-13,teuthis,1142
U-13,teuthis,494
U-13,teuthis,623
U-14,sedentary,662
U-14,sedentary,433
U-14,sedentary,126
U-14,sedentary,100
U-14,sedentary,1036
U-14,sedentary,499
U-14,apieces,380
U-14,apieces,561
U-15,genever,296
U-15,genever,518
U-15,genever,804
U-15,genever,159
U-15,allemand,918
U-15,allemand,1004
U-15,allemand,518
U-16,sockeye,729
U-16,sockeye,383
U-16,sockeye,52
U-16,sockeye,866
U-16,respecters,536
U-16,respecters,1061
U-16,respecters,1181
U-16,respecters,716
U-16,respecters,57
U-16,deplanate,715
U-16,deplanate,107
U-16,racetracks,16
U-16,racetracks,144
U-16,racetracks,289
U-16,racetracks,256
U-16,racetracks,1177
U-17,crawls,12
U-17,crawls,622
U-17,crawls,929
U-17,crawls,280
U-17,crawls,927
U-17,crawls,736
U-17,anode,259
U-17,anode,451
U-17,anode,1034
U-17,Achæans,123
U-17,Achæans,1184
U-17,Achæans,668
U-18,ticked,460
U-18,ticked,711
U-18,ticked,481
U-18,ticked,1038
U-18,ticked,869
U-18,doomsman,1023
U-18,doomsman,86
U-18,doomsman,743
U-18,constative,296
U-18,constative,1141
U-18,constative,77
U-18,sadiron,438
U-18,sadiron,500
U-19,pooftah,449
U-19,pooftah,676
U-19,paralysing,721
U-19,paralysing,128
U-19,paralysing,47
U-19,homme,90
U-19,homme,608
U-20,oleos,1102
U-20,oleos,527
U-20,oleos,174
U-20,oleos,623
U-20,supermind,165
U-20,supermind,5
U-20,supermind,220
U-20,supermind,786
U-20,anesthesia,751
U-20,anesthesia,978
U-20,anesthesia,143
U-20,ungown,1186
U-20,ungown,120
U-20,ungown,1051
U-20,ungown,684
U-21,sempitern,850
U-21,sempitern,1080
U-21,sempitern,1159
U-21,sempitern,361
U-21,sempitern,258
U-22,mustered,981
U-22,mustered,782
U-22,mustered,585
U-22,mustered,722
U-22,teguments,897
U-22,teguments,1076
U-22,teguments,1127
U-22,teguments,49
U-22,teguments,929
U-22,preceptial,751
U-22,preceptial,536
U-23,urinating,790
U-23,urinating,1066
U-23,moulded,567
U-23,moulded,1100
U-23,moulded,500
U-23,moulded,978
U-23,moulded,960
U-24,somnolence,537
U-24,somnolence,307
U-24,somnolence,275
U-24,somnolence,667
U-24,somnolence,561
U-24,nonlead,1122
U-24,nonlead,403
U-24,nonlead,63
U-24,nonlead,627
U-24,nonlead,366
U-25,signed,676
U-25,signed,683
U-25,signed,1016
U-25,signed,841
U-25,immeuble,163
U-25,immeuble,948
U-25,immeuble,626
U-25,immeuble,258
U-25,immeuble,839
U-25,immeuble,733
U-25,aquarelle,1002
U-25,aquarelle,1036
U-25,aquarelle,358
U-25,aquarelle,842
U-25,aquarelle,23
U-26,targetted,382
U-26,targetted,155
U-26,targetted,1001
U-26,ruthfully,403
U-26,ruthfully,213
U-26,ruthfully,797
U-26,ruthfully,330
U-26,spinus,492
U-26,spinus,954
U-27,béguin,1103
U-27,béguin,758
U-27,béguin,1070
U-27,béguin,1188
U-28,honeydewed,496
U-28,honeydewed,471
U-28,consonancy,1177
U-28,consonancy,739
U-28,consonancy,737
U-28,consonancy,317
U-28,millwheels,776
U-28,millwheels,530
U-28,millwheels,331
U-28,millwheels,481
U-28,millwheels,395
U-28,Sharisha,247
U-28,Sharisha,762
U-28,Sharisha,552
U-28,Sharisha,871
U-28,Sharisha,300
U-29,feudal,204
U-29,feudal,390
U-29,feudal,830
U-29,feudal,681
U-29,feudal,479
U-29,feudal,291
U-29,snowscapes,865
U-29,snowscapes,39
U-29,snowscapes,430
U-29,snowscapes,414
U-29,snowscapes,715
U-29,snowscapes,1088
U-30,deca-,217
U-30,deca-,792
U-30,deca-,1130
U-30,metwand,657
U-30,metwand,767
U-30,metwand,1099
U-30,watershoot,153
U-30,watershoot,1149
U-30,watershoot,784
U-30,watershoot,6
U-30,Bancroft,326
U-30,Bancroft,208
U-30,Bancroft,1039
U-30,Bancroft,17
U-30,Bancroft,279
U-31,spy-fi,214
U-31,spy-fi,830
U-31,bordelaise,620
U-31,bordelaise,951
U-31,bordelaise,14
U-31,bordelaise,438
U-31,bordelaise,454
U-31,bordelaise,155
U-31,newsweekly,261
U-31,newsweekly,942
U-31,newsweekly,484
U-31,newsweekly,347
U-31,newsweekly,31
U-31,newsweekly,1150
U-31,papabot,511
U-31,papabot,457
U-31,papabot,10
U-32,centurions,366
U-32,centurions,421
U-32,gemmation,773
U-32,gemmation,47
U-32,t-junction,820
U-32,t-junction,1089
U-32,t-junction,927
U-32,bheesty,368
U-32,bheesty,203
U-32,bheesty,403
U-32,bheesty,208
U-32,bheesty,279
U-32,bheesty,1191
U-33,metalsmith,798
U-33,metalsmith,109
U-33,metalsmith,668
U-33,metalsmith,1051
U-33,detailing,345
U-33,detailing,903
U-33,detailing,96
U-33,detailing,12
U-33,detailing,325
U-33,detailing,984
U-33,tinder-box,1057
U-33,tinder-box,269
U-33,tinder-box,209
U-33,tinder-box,652
U-33,tinder-box,800
U-33,tinder-box,649
U-33,ultrasonic,967
U-33,ultrasonic,855
U-34,rudderfish,88
U-34,rudderfish,774
U-34,rudderfish,723
U-34,rudderfish,1051
U-34,rudderfish,605
U-34,rudderfish,1079
U-35,headachey,411
U-35,headachey,1043
U-35,headachey,708
U-35,headachey,332
U-35,headachey,432
U-35,oxfords,737
U-35,oxfords,600
U-35,oxfords,5
U-35,oxfords,1056
U-35,mudpie,58
U-35,mudpie,191
U-35,mudpie,387
U-35,mudpie,533
U-35,mudpie,848
U-36,Pacifica,1102
U-36,Pacifica,886
U-36,Pacifica,957
U-37,homodont,550
U-37,homodont,664
U-37,homodont,979
U-37,homodont,182
U-37,homodont,1046
U-38,stock,1061
U-38,stock,561
U-38,stock,44
U-38,stock,737
U-39,pedagogue,481
U-39,pedagogue,1135
U-39,pedagogue,840
U-39,pedagogue,936
U-39,pedagogue,711
U-39,bluest,420
U-39,bluest,28
U-39,bluest,367
U-39,bluest,585
U-39,bluest,159
U-39,bluest,825
U-39,quaffable,609
U-39,quaffable,465
U-39,quaffable,734
U-39,quaffable,114
U-40,neckband,1187
U-40,neckband,1192
U-40,neckband,3
U-41,coquille,401
U-41,coquille,438
U-42,Tasers,1086
U-42,Tasers,26
U-42,Tasers,412
U-42,cow-pilot,72
U-42,cow-pilot,855
U-42,cow-pilot,664
U-42,cow-pilot,399
U-42,cow-pilot,1161
U-42,cow-pilot,414
U-43,molindone,161
U-43,molindone,1167
U-43,molindone,134
U-43,molindone,123
U-43,molindone,884
U-44,playground,35
U-44,playground,24
U-44,playground,529
U-44,playground,712
U-44,playground,199
U-44,tentacular,1139
U-44,tentacular,925
U-44,tentacular,775
U-44,tentacular,649
U-45,Jacquerie,740
U-45,Jacquerie,1126
U-45,Jacquerie,487
U-45,sicklebill,1120
U-45,sicklebill,139
U-45,sicklebill,1140
U-46,torreya,528
U-46,torreya,323
U-46,torreya,628
U-46,torreya,588
U-46,torreya,818
U-46,torreya,361
U-46,turn-off,102
U-46,turn-off,14
U-46,turn-off,247
U-46,turn-off,958
U-46,dassn't,39
U-46,dassn't,979
U-46,dassn't,8
U-46,dassn't,1192
U-47,biggah,847
U-47,biggah,135
U-47,biggah,731
U-47,biggah,364
U-47,biggah,480
U-47,biggah,598
U-48,topknots,899
U-48,topknots,803
U-48,topknots,419
U-48,topknots,998
U-48,dendrons,245
U-48,dendrons,465
U-48,dendrons,788
U-48,dendrons,12
U-48,dendrons,1106
U-48,ulnare,921
U-48,ulnare,304
U-48,ulnare,354
U-48,ulnare,312
U-48,ulnare,847
U-49,detaching,583
U-49,detaching,908
U-49,detaching,890
U-49,detaching,1051
U-49,detaching,35
U-49,detaching,595
U-49,desirings,399
U-49,desirings,489
U-49,desirings,221
U-49,desirings,621
U-49,desirings,450
U-49,tetrahedra,1056
U-49,tetrahedra,752
U-49,tetrahedra,345
U-49,tetrahedra,322
U-49,tetrahedra,214
U-49,parle,589
U-49,parle,200
U-49,parle,825
U-49,parle,17
U-50,tissued,1035
U-50,tissued,666
U-50,tissued,1008
U-50,tissued,400
U-50,tissued,1174
U-50,tissued,633
U-50,hybridoma,375
U-50,hybridoma,276
U-50,zorrino,941
U-50,zorrino,143
U-50,zorrino,137
U-50,zorrino,800
U-51,moneron,853
U-51,moneron,193
U-51,moneron,655
U-51,moneron,185
U-51,moneron,421
U-51,moneron,605
U-51,half-capt,707
U-51,half-capt,107
U-51,half-capt,1103
U-51,half-capt,580
U-51,half-capt,178
U-51,firmation,614
U-51,firmation,334
U-51,firmation,134
U-51,firmation,1070
U-51,awaking,364
U-51,awaking,423
U-51,awaking,613
U-51,awaking,874
U-51,awaking,950
U-52,alineation,186
U-52,alineation,80
U-53,plateaux,710
U-53,plateaux,312
U-53,plateaux,994
U-53,plateaux,210
U-53,fuckholes,396
U-53,fuckholes,986
U-53,radiothons,806
U-53,radiothons,428
U-53,radiothons,719
U-53,radiothons,211
U-53,radiothons,614
U-53,radiothons,129
U-53,waltzed,197
U-53,waltzed,810
U-53,waltzed,313
U-54,geostatics,203
U-54,geostatics,680
U-54,analysts,563
U-54,analysts,1063
U-54,analysts,759
U-54,analysts,926
U-54,analysts,413
U-54,analysts,268
U-55,crotin,938
U-55,crotin,69
U-55,crotin,689
U-55,crotin,133
U-55,crotin,732
U-55,crotin,756
U-55,tosses,717
U-55,tosses,468
U-55,tosses,480
U-55,tosses,112
U-56,Class-size,518
U-56,Class-size,516
U-56,Class-size,725
U-56,Class-size,887
U-56,Class-size,129
U-56,Class-size,956
U-56,Fatima,16
U-56,Fatima,81
U-56,Fatima,943
U-57,sinistral,868
U-57,sinistral,582
U-57,sinistral,479
U-57,sinistral,367
U-57,paladins,425
U-57,paladins,549
U-57,paladins,223
U-57,paladins,69
U-57,paladins,550
U-57,paladins,739
U-58,dallop,938
U-58,dallop,1089
U-58,dallop,409
U-58,dallop,33
U-58,ouroboros,951
U-58,ouroboros,295
U-58,ouroboros,355
U-58,ouroboros,179
U-59,phelloderm,1106
U-59,phelloderm,877
U-59,phelloderm,925
U-59,phelloderm,117
U-59,phelloderm,359
U-60,surfacer,681
U-60,surfacer,710
U-60,surfacer,1138
U-60,surfacer,148
U-60,surfacer,1024
U-60,surfacer,1041
U-60,weigelia,537
U-60,weigelia,911
U-60,weigelia,856
U-60,weigelia,1103
U-60,weigelia,898
U-60,mobilette,517
U-60,mobilette,774
U-60,mobilette,1111
U-60,mobilette,541
U-60,mobilette,132
U-60,mobilette,52
U-60,pe-tsai,1082
U-60,pe-tsai,70
U-61,uneager,532
U-61,uneager,804
U-61,uneager,940
U-61,uneager,188
U-61,uneager,142
U-61,sexile,103
U-61,sexile,491
U-61,sexile,611
U-61,rivalled,762
U-61,rivalled,283
U-61,rivalled,525
U-62,playset,311
U-62,playset,448
U-62,playset,1118
U-62,playset,826
U-62,playset,918
U-62,throttler,581
U-62,throttler,451
U-62,throttler,306
U-62,throttler,173
U-62,evacuating,349
U-62,evacuating,539
U-62,evacuating,355
U-63,leute,539
U-63,leute,522
U-63,leute,536
U-63,leute,981
U-63,felon,990
U-63,felon,249
U-63,felon,469
U-63,lesbia,178
U-63,lesbia,744
U-63,lesbia,630
U-63,lesbia,945
U-64,colanders,245
U-64,colanders,110
U-64,colanders,575
U-64,colanders,625
U-64,colanders,277
U-64,serie,1184
U-64,serie,322
U-65,countbacks,487
U-65,countbacks,885
U-65,countbacks,179
U-65,countbacks,1013
U-66,herbivore,671
U-66,herbivore,571
U-66,herbivore,284
U-66,herbivore,578
U-66,herbivore,588
U-66,herbivore,525
U-67,shutting,751
U-67,shutting,866
U-67,shutting,835
U-67,shutting,1009
U-67,shutting,694
U-67,exhumed,750
U-67,exhumed,581
U-67,exhumed,530
U-67,exhumed,792
U-67,riotise,1144
U-67,riotise,813
U-67,riotise,317
U-67,riotise,199
U-67,dandies,271
U-67,dandies,813
U-67,dandies,281
U-68,lysogeny,1017
U-68,lysogeny,593
U-68,lysogeny,86
U-68,lysogeny,725
U-68,terrar,528
U-68,terrar,100
U-68,terrar,541
U-68,terrar,723
U-68,terrar,432
U-68,terrar,682
U-68,inextended,528
U-68,inextended,294
U-68,inextended,300
U-68,inextended,58
U-68,inextended,496
U-68,inextended,241
U-69,reverenced,678
U-69,reverenced,907
U-69,overfond,434
U-69,overfond,896
U-69,overfond,684
U-69,overfond,97
U-69,overfond,992
U-69,overfond,52
U-70,parkway,1106
U-70,parkway,645
U-70,parkway,202
U-70,parkway,739
U-70,parkway,640
U-70,parkway,304
U-71,pressed,795
U-71,pressed,1121
U-71,Rajasthani,169
U-71,Rajasthani,287
U-71,Rajasthani,56
U-71,Rajasthani,679
U-71,Rajasthani,1086
U-71,Rajasthani,579
U-71,extending,673
U-71,extending,860
U-71,extending,1117
U-71,extending,769
U-71,extending,791
U-71,busheling,436
U-71,busheling,466
U-71,busheling,780
U-71,busheling,623
U-71,busheling,955
U-72,sealer,500
U-72,sealer,521
U-72,sealer,1179
U-72,sealer,841
U-72,sealer,694
U-72,sealer,1169
U-72,scrappy,1069
U-72,scrappy,1032
U-72,scrappy,1073
U-72,scrappy,496
U-72,scrappy,714
U-73,trusswork,364
U-73,trusswork,458
U-73,clank,1002
U-73,clank,578
U-73,clank,981
U-73,clank,1137
U-73,clank,549
U-73,sawtere,409
U-73,sawtere,355
U-73,sawtere,213
U-73,sawtere,385
U-73,sawtere,772
U-73,sawtere,586
U-73,lip-shaped,62
U-73,lip-shaped,1072
U-73,lip-shaped,772
U-73,lip-shaped,171
U-73,lip-shaped,1035
U-73,lip-shaped,962
U-74,forfeit,1008
U-74,forfeit,297
U-74,forfeit,812
U-74,forfeit,749
U-74,forfeit,429
U-74,forfeit,333
U-74,defiling,899
U-74,defiling,799
U-74,defiling,1045
U-74,defiling,554
U-75,strontium,534
U-75,strontium,147
U-75,strontium,959
U-75,strontium,935
U-75,strontium,945
U-76,chivalrous,318
U-76,chivalrous,606
U-76,clattering,109
U-76,clattering,975
U-76,detach,492
U-76,detach,208
U-76,detach,668
U-77,blackcocks,574
U-77,blackcocks,67
U-77,gaoler,752
U-77,gaoler,528
U-78,Chablis,878
U-78,Chablis,127
U-78,Chablis,33
U-78,Chablis,1024
U-78,Chablis,942
U-78,Chablis,571
U-78,verbiage,514
U-78,verbiage,226
U-79,unmans,990
U-79,unmans,570
U-79,unmans,157
U-79,unmans,1154
U-79,unmans,540
U-79,unmans,1138
U-79,gigabits,1030
U-79,gigabits,10
U-79,gigabits,937
U-79,gigabits,782
U-80,hammerlock,257
U-80,hammerlock,88
U-80,hammerlock,1048
U-80,hammerlock,435
U-80,hammerlock,43
U-80,hammerlock,849
U-80,parleyed,346
U-80,parleyed,1110
U-80,parleyed,81
U-80,parleyed,572
U-80,zymometers,71
U-80,zymometers,548
U-80,yells,402
U-80,yells,277
U-80,yells,391
U-81,fagine,22
U-81,fagine,247
U-81,fagine,424
U-81,fagine,768
U-81,fagine,979
U-82,teasy,264
U-82,teasy,151
U-82,teasy,266
U-82,teasy,944
U-82,teasy,417
U-83,6527MP,991
U-83,6527MP,131
U-83,6527MP,226
U-83,6527MP,791
U-83,6527MP,152
U-83,Cayley,17
U-83,Cayley,998
U-83,Cayley,514
U-83,Cayley,753
U-83,Cayley,856
U-84,uncoverer,1102
U-84,uncoverer,322
U-84,uncoverer,826
U-84,cohabiter,602
U-84,cohabiter,620
U-84,cohabiter,75
U-84,cohabiter,1026
U-84,cohabiter,497
U-84,flagged,842
U-84,flagged,603
U-84,flagged,693
U-84,flagged,1079
U-84,flagged,107
U-84,flagged,146
U-85,carpets,1072
U-85,carpets,770
U-85,carpets,600
U-85,carpets,456
U-85,carpets,227
U-85,carpets,291
U-85,siris,1087
U-85,siris,141
U-86,shidduchs,84
U-86,shidduchs,813
U-86,beet-sugar,494
U-86,beet-sugar,831
U-86,beet-sugar,843
U-86,beet-sugar,10
U-87,originant,660
U-87,originant,557
U-87,originant,1133
U-87,bedaubing,832
U-87,bedaubing,26
U-87,bedaubing,1082
U-87,lionise,904
U-87,lionise,56
U-87,lionise,1140
U-87,lionise,314
U-87,lionise,479
U-87,empires,544
U-87,empires,1161
U-87,empires,1187
U-87,empires,1167
U-87,empires,545
U-88,debased,88
U-88,debased,999
U-89,triatomic,188
U-89,triatomic,986
U-89,unreined,264
U-89,unreined,153
U-89,valiantly,337
U-89,valiantly,444
U-89,valiantly,886
U-89,valiantly,705
U-89,valiantly,513
U-89,valiantly,569
U-89,sailour,806
U-89,sailour,625
U-90,wants,922
U-90,wants,984
U-90,wants,845
U-90,wants,468
U-90,wants,1165
U-90,tunnellers,939
U-90,tunnellers,1117
U-90,tunnellers,400
U-90,tunnellers,571
U-90,tunnellers,293
U-90,magnified,1047
U-90,magnified,114
U-90,magnified,14
U-91,Putnam,908
U-91,Putnam,390
U-91,darcys,97
U-91,darcys,887
U-91,darcys,1176
U-91,darcys,233
U-91,darcys,793
U-91,lucivee,838
U-91,lucivee,219
U-91,lucivee,142
U-91,lucivee,882
U-91,busted,1163
U-91,busted,821
U-91,busted,94
U-91,busted,413
U-92,thio-urea,984
U-92,thio-urea,328
U-92,thio-urea,153
U-92,toll-bar,350
U-92,toll-bar,783
U-93,lightwood,854
U-93,lightwood,782
U-93,lightwood,1050
U-93,lightwood,746
U-93,lightwood,99
U-93,limnology,642
U-93,limnology,1126
U-93,limnology,637
U-93,limnology,930
U-93,limnology,409
U-93,limnology,1135
U-94,dystonic,287
U-94,dystonic,620
U-94,dystonic,297
U-94,dystonic,383
U-94,roadbook,27
U-94,roadbook,346
U-94,roadbook,332
U-95,astral,522
U-95,astral,1146
U-95,astral,900
U-95,astral,318
U-95,astral,1078
U-95,astral,291
U-95,bagman,176
U-95,bagman,235
U-95,bagman,372
U-95,bagman,151
U-95,opiner,451
U-95,opiner,419
U-95,opiner,475
U-95,opiner,955
U-96,squabby,543
U-96,squabby,1011
U-96,squabby,348
U-96,squabby,544
U-96,medalled,7
U-96,medalled,758
U-96,medalled,612
U-96,medalled,419
U-96,medalled,222
U-96,medalled,703
U-96,pavee,915
U-96,pavee,607
U-97,doomier,1060
U-97,doomier,199
U-97,doomier,535
U-97,doomier,151
U-97,doomier,844
U-97,doomier,179
U-97,spamblock,751
U-97,spamblock,624
U-97,spamblock,449
U-97,spamblock,1156
U-97,sorcerers,742
U-97,sorcerers,1061
U-97,sorcerers,1035
U-97,oarfish,526
U-97,oarfish,697
U-97,oarfish,194
U-98,Irishmen,568
U-98,Irishmen,688
U-98,dexone,476
U-98,dexone,747
U-98,dexone,232
U-98,dexone,145
U-98,alrighty,788
U-98,alrighty,718
U-98,alrighty,167
U-98,alrighty,143
U-99,bearer,354
U-99,bearer,518
U-99,bearer,315
U-99,puritanism,246
U-99,puritanism,430
U-99,puritanism,1018
U-99,puritanism,598
U-99,puritanism,628
U-99,puritanism,278
U-99,queried,669
U-99,queried,547
U-99,queried,309
U-99,queried,383
U-100,perca,1143
U-100,perca,1048
U-100,perca,93
U-100,perca,51
U-100,perca,471
U-100,perca,878
U-100,remedially,918
U-100,remedially,1051
U-100,scorner,127
U-100,scorner,700
U-100,scorner,357
U-100,scorner,410
U-100,scorner,175
U-100,scorner,1167
U-100,flea-bite,367
U-100,flea-bite,603
U-100,flea-bite,1102
U-100,flea-bite,303
U-100,flea-bite,1143
U-100,flea-bite,564
U-101,captor,1028
U-101,captor,152
U-101,captor,633
U-101,untruly,445
U-101,untruly,669
U-101,untruly,650
U-102,measurably,224
U-102,measurably,145
U-102,measurably,1174
U-102,frotted,840
U-102,frotted,1026
U-103,nerdcore,1148
U-103,nerdcore,927
U-103,nerdcore,313
U-103,recessive,648
U-103,recessive,434
U-103,recessive,524
U-103,recessive,247
U-103,recessive,777
U-103,recessive,572
U-103,rederive,484
U-103,rederive,1096
U-104,mutualize,1137
U-104,mutualize,864
U-104,mutualize,381
U-104,mutualize,1178
U-104,mutualize,1093
U-104,mutualize,1190
U-104,crescence,14
U-104,crescence,28
U-104,crescence,697
U-104,crescence,1096
U-104,crescence,21
U-104,crescence,204
U-104,mortally,967
U-104,mortally,859
U-104,mortally,903
U-104,mortally,189
U-104,mortally,277
U-104,syndicated,604
U-104,syndicated,96
U-104,syndicated,638
U-104,syndicated,348
U-104,syndicated,661
U-105,scribblers,816
U-105,scribblers,777
U-105,scribblers,541
U-105,scribblers,758
U-105,scribblers,971
U-105,pillowy,778
U-105,pillowy,689
U-105,pillowy,1029
U-105,pillowy,438
U-105,pillowy,788
U-105,pillowy,200
U-105,flunking,582
U-105,flunking,3
U-105,flunking,734
U-105,flunking,472
U-105,flunking,1075
U-105,flunking,622
U-105,reinsuring,424
U-105,reinsuring,825
U-105,reinsuring,602
U-106,concaving,538
U-106,concaving,1059
U-106,concaving,95
U-106,concaving,356
U-106,backhauled,108
U-106,backhauled,111
U-106,backhauled,614
U-106,backhauled,106
U-106,backhauled,468
U-106,backhauled,262
U-106,honble,483
U-106,honble,773
U-106,honble,662
U-106,honble,741
U-106,honble,1
U-106,honble,117
U-107,announced,936
U-107,announced,977
U-107,announced,346
U-107,announced,685
U-107,biscuits,134
U-107,biscuits,740
U-107,biscuits,360
U-107,biscuits,565
U-107,biscuits,459
U-107,biscuits,217
U-108,yeoman,977
U-108,yeoman,867
U-108,yeoman,39
U-108,yeoman,1147
U-108,yeoman,529
U-108,yeoman,387
U-109,cacophony,301
U-109,cacophony,397
U-109,cacophony,587
U-110,realty,1131
U-110,realty,473
U-110,realty,364
U-110,realty,528
U-110,realty,709
U-110,hutong,357
U-110,hutong,811
U-110,hutong,911
U-110,hutong,924
U-110,hutong,895
U-110,hutong,588
U-110,errantry,817
U-110,errantry,37
U-110,leisurely,923
U-110,leisurely,364
U-110,leisurely,997
U-111,spur-fowl,460
U-111,spur-fowl,585
U-111,spur-fowl,712
U-111,spur-fowl,1058
U-111,spur-fowl,625
U-111,spur-fowl,1132
U-111,bogeymen,132
U-111,bogeymen,95
U-111,pismire,1000
U-111,pismire,532
U-111,pismire,1087
U-111,deprive,575
U-111,deprive,710
U-111,deprive,1097
U-111,deprive,331
U-111,deprive,979
U-112,eisegete,457
U-112,eisegete,963
U-112,eisegete,121
U-112,eisegete,177
U-112,webcasters,718
U-112,webcasters,270
U-112,webcasters,1132
U-112,webcasters,230
U-113,exeunt,817
U-113,exeunt,721
U-113,exeunt,555
U-113,exeunt,490
U-113,exeunt,36
U-113,exeunt,751
U-113,memoizes,688
U-113,memoizes,7
U-113,memoizes,1070
U-114,tones,113
U-114,tones,896
U-115,inveterate,71
U-115,inveterate,852
U-116,beside,119
U-116,beside,217
U-117,chocho,341
U-117,chocho,635
U-117,chocho,1069
U-117,chocho,580
U-117,chocho,138
U-117,chocho,402
U-117,bracon,117
U-117,bracon,575
U-117,bracon,111
U-118,blest,266
U-118,blest,570
U-118,blest,39
U-118,blest,1151
U-118,blest,574
U-119,2Kinda,912
U-119,2Kinda,785
U-119,2Kinda,472
U-119,2Kinda,1006
U-119,2Kinda,421
U-119,2Kinda,926
U-119,disaffirm,193
U-119,disaffirm,941
U-119,disaffirm,61
U-120,rubiform,589
U-120,rubiform,481
U-120,rubiform,768
U-120,rubiform,842
U-121,panteth,602
U-121,panteth,91
U-121,panteth,527
U-121,panteth,426
U-121,panteth,933
U-121,blethered,617
U-121,blethered,26
U-121,blethered,371
U-121,blethered,545
U-121,razzia,216
U-121,razzia,1111
U-121,razzia,804
U-121,razzia,200
U-122,churner,791
U-122,churner,929
U-122,markhors,123
U-122,markhors,170
U-122,succouring,192
U-122,succouring,54
U-122,succouring,1034
U-122,succouring,214
U-122,succouring,740
U-122,Frankfurt,491
U-122,Frankfurt,869
U-122,Frankfurt,480
U-122,Frankfurt,842
U-122,Frankfurt,1008
U-122,Frankfurt,251
U-123,always,381
U-123,always,957
U-123,always,666
U-123,always,156
U-123,always,654
U-123,always,58
U-123,Steve,715
U-123,Steve,751
U-123,Steve,1011
U-123,Steve,1060
U-123,Steve,879
U-123,Steve,619
U-123,peperomia,223
U-123,peperomia,802
U-123,peperomia,366
U-123,peperomia,183
U-123,peperomia,309
U-124,lingular,368
U-124,lingular,594
U-125,slicers,501
U-125,slicers,832
U-125,slicers,561
U-125,slicers,422
U-125,slicers,726
U-125,subtask,316
U-125,subtask,166
U-126,ideophone,361
U-126,ideophone,1173
U-126,ideophone,217
U-126,ideophone,32
U-126,ideophone,728
U-126,ideophone,443
U-126,Garden,818
U-126,Garden,10
U-126,Garden,1102
U-126,surdity,1112
U-126,surdity,877
U-127,blest,22
U-127,blest,814
U-128,faring,942
U-128,faring,110
U-128,faring,2
U-128,faring,429
U-128,faring,506
U-128,gusla,761
U-128,gusla,1139
U-128,gusla,633
U-128,gusla,512
U-129,affears,528
U-129,affears,787
U-129,affears,677
U-129,affears,1139
U-129,affears,439
U-130,gingiva,267
U-130,gingiva,701
U-130,gingiva,212
U-130,disputants,615
U-130,disputants,44
U-130,disputants,690
U-130,disputants,1183
U-130,disputants,680
U-130,agradolce,172
U-130,agradolce,518
U-131,mandelate,589
U-131,mandelate,1066
U-131,mandelate,814
U-131,mandelate,96
U-131,flounces,1139
U-131,flounces,1155
U-131,flounces,664
U-131,flounces,1145
U-131,flounces,328
U-131,samaritans,123
U-131,samaritans,15
U-132,Ceclor,27
U-132,Ceclor,704
U-132,Ceclor,1123
U-132,vertuous,485
U-132,vertuous,388
U-132,vertuous,784
U-132,vertuous,608
U-132,messes,382
U-132,messes,555
U-132,messes,1043
U-132,messes,495
U-132,messes,1001
U-133,gonophore,850
U-133,gonophore,422
U-133,withwind,65
U-133,withwind,1055
U-133,withwind,803
U-133,withwind,56
U-133,withwind,672
U-133,unciphered,288
U-133,unciphered,1086
U-133,unciphered,234
U-133,ice-cream,476
U-133,ice-cream,452
U-133,ice-cream,376
U-133,ice-cream,315
U-133,ice-cream,816
U-133,ice-cream,509
U-134,beamish,903
U-134,beamish,827
U-134,untilted,487
U-134,untilted,847
U-134,untilted,325
U-134,untilted,342
U-134,untilted,478
U-135,lucidol,325
U-135,lucidol,234
U-135,lucidol,705
U-135,lucidol,439
U-135,lucidol,935
U-136,man-sized,692
U-136,man-sized,1136
U-136,Abramsky,999
U-136,Abramsky,399
U-136,Abramsky,1095
U-136,Abramsky,183
U-136,biotroph,581
U-136,biotroph,572
U-136,biotroph,830
U-136,biotroph,1007
U-136,biotroph,1172
U-136,achromatin,174
U-136,achromatin,816
U-136,achromatin,83
U-137,tear-gland,225
U-137,tear-gland,464
U-137,tear-gland,729
U-137,tear-gland,168
U-137,tormented,903
U-137,tormented,14
U-137,tormented,659
U-137,tormented,437
U-137,tormented,951
U-138,work-shirt,241
U-138,work-shirt,107
U-138,real-time,944
U-138,real-time,480
U-138,real-time,104
U-138,real-time,442
U-138,warp-net,56
U-138,warp-net,336
U-138,warp-net,844
U-138,warp-net,653
U-138,warp-net,797
U-138,warp-net,999
U-138,twerk,566
U-138,twerk,980
U-138,twerk,12
U-138,twerk,1170
U-138,twerk,474
U-138,twerk,595
U-139,wattmeters,370
U-139,wattmeters,39
U-139,bloops,107
U-139,bloops,249
U-140,adherers,5
U-140,adherers,526
U-140,adherers,395
U-140,adherers,998
U-140,adherers,298
U-140,adherers,442
U-140,nucleonic,244
U-140,nucleonic,411
U-140,nucleonic,90
U-140,nucleonic,1156
U-140,tunnellers,1106
U-140,tunnellers,301
U-140,tunnellers,975
U-140,tunnellers,568
U-141,golder,198
U-141,golder,1134
U-141,golder,318
U-141,golder,980
U-141,showerhead,692
U-141,showerhead,788
U-141,showerhead,130
U-141,showerhead,197
U-141,Parpi,387
U-141,Parpi,302
U-141,Parpi,750
U-141,Parpi,942
U-142,cabined,925
U-142,cabined,820
U-142,cabined,546
U-142,cabined,865
U-142,cabined,1145
U-142,cabined,1115
U-142,biometric,171
U-142,biometric,723
U-142,biometric,590
U-142,biometric,76
U-142,vimineous,77
U-142,vimineous,601
U-142,vimineous,1131
U-143,Hirado,408
U-143,Hirado,146
U-143,Hirado,1013
U-143,Hirado,1139
U-143,Hirado,753
U-143,clenched,1077
U-143,clenched,169
U-143,clenched,310
U-143,clenched,969
U-143,clenched,685
U-144,southwest,50
U-144,southwest,26
U-144,Tardises,416
U-144,Tardises,352
U-144,Tardises,936
U-144,Tardises,60
U-145,Magdalenes,361
U-145,Magdalenes,841
U-145,Magdalenes,752
U-145,Magdalenes,515
U-145,Magdalenes,162
U-145,Magdalenes,547
U-146,oilman,675
U-146,oilman,363
U-146,oilman,178
U-146,oilman,275
U-146,oilman,165
U-146,oilman,483
U-146,Osaka,539
U-146,Osaka,1009
U-146,scrivener,182
U-146,scrivener,715
U-146,scrivener,886
U-146,scrivener,442
U-146,scrivener,664
U-147,mothering,1104
U-147,mothering,322
U-147,mothering,491
U-147,mothering,1150
U-147,mothering,56
U-147,mothering,13
U-147,titanate,711
U-147,titanate,285
U-147,titanate,894
U-147,titanate,1096
U-147,titanate,794
U-148,jampack,914
U-148,jampack,1000
U-148,jampack,1132
U-148,jampack,872
U-148,infirmness,386
U-148,infirmness,675
U-148,infirmness,434
U-148,infirmness,1062
U-148,infirmness,141
U-148,somberest,961
U-148,somberest,468
U-148,somberest,284
U-149,chlorella,471
U-149,chlorella,523
U-149,chlorella,647
U-149,chlorella,240
U-149,chlorella,527
U-149,chlorella,668
U-149,behovable,459
U-149,behovable,138
U-149,behovable,476
U-149,uncurbed,902
U-149,uncurbed,995
U-149,uncurbed,842
U-149,uncurbed,217
U-149,uncurbed,640
U-149,uncurbed,745
U-149,beholdeth,586
U-149,beholdeth,969
U-150,DSC-T700,1107
U-150,DSC-T700,1087
U-150,DSC-T700,480
U-150,DSC-T700,644
U-150,DSC-T700,678
U-150,DSC-T700,994
U-150,footholds,338
U-150,footholds,1006
U-150,footholds,418
U-150,footholds,884
U-150,footholds,1005
U-150,ondine,128
U-150,ondine,558
U-150,ondine,907
U-151,trickle,190
U-151,trickle,393
U-151,trickle,562
U-151,trickle,30
U-151,veganist,636
U-151,veganist,982
U-151,veganist,991
U-151,veganist,638
U-152,shamanise,190
U-152,shamanise,1126
U-152,shamanise,19
U-152,shamanise,245
U-152,unkink,509
U-152,unkink,893
U-152,unkink,9
U-152,unkink,555
U-152,unkink,980
U-152,unkink,655
U-152,inbeat,1
U-152,inbeat,820
U-152,inbeat,873
U-152,inbeat,353
U-152,inbeat,218
U-152,inbeat,99
U-152,fallace,42
U-152,fallace,1058
U-153,Orphic,537
U-153,Orphic,84
U-153,Orphic,1176
U-153,Orphic,608
U-153,Orphic,265
U-153,races,302
U-153,races,25
U-153,races,363
U-153,races,180
U-153,azurn,190
U-153,azurn,866
U-153,azurn,534
U-154,awfulest,762
U-154,awfulest,686
U-154,awfulest,659
U-155,up-to-date,91
U-155,up-to-date,754
U-155,up-to-date,837
U-155,up-to-date,1107
U-155,bentgrass,873
U-155,bentgrass,39
U-155,bentgrass,7
U-155,bentgrass,1000
U-155,bentgrass,371
U-155,arquifoux,790
U-155,arquifoux,892
U-155,arquifoux,432
U-155,arquifoux,439
U-155,worlds,668
U-155,worlds,17
U-155,worlds,1079
U-156,Hussein,777
U-156,Hussein,209
U-156,Hussein,986
U-156,Hussein,641
U-156,Hussein,579
U-156,long-tom,119
U-156,long-tom,186
U-156,long-tom,784
U-156,long-tom,981
U-156,long-tom,316
U-156,long-tom,377
U-156,framing,527
U-156,framing,358
U-156,framing,606
U-156,framing,181
U-156,framing,911
U-156,framing,665
U-156,bell-wheel,267
U-156,bell-wheel,957
U-156,bell-wheel,1138
U-156,bell-wheel,857
U-156,bell-wheel,858
U-156,bell-wheel,706
U-157,sevilla,411
U-157,sevilla,995
U-157,sevilla,745
U-157,sevilla,387
U-157,sevilla,846
U-157,sevilla,433
U-157,sportsman,593
U-157,sportsman,894
U-157,sportsman,1187
U-157,sportsman,60
U-157,sportsman,1080
U-157,sportsman,596
U-157,rebukes,772
U-157,rebukes,294
U-157,rebukes,684
U-157,rebukes,1024
U-158,Shenzhen,13
U-158,Shenzhen,215
U-158,Shenzhen,602
U-158,Shenzhen,1056
U-158,tibicen,770
U-158,tibicen,140
U-158,tibicen,818
U-158,boondock,87
U-158,boondock,152
U-158,boondock,432
U-158,boondock,1133
U-158,outdo,1014
U-158,outdo,902
U-158,outdo,12
U-159,lazera,332
U-159,lazera,1180
U-159,adorest,751
U-159,adorest,582
U-159,adorest,363
U-159,adorest,599
U-159,adorest,482
U-159,adorest,436
U-159,hallows,252
U-159,hallows,158
U-159,corn-brake,118
U-159,corn-brake,116
U-159,corn-brake,1135
U-160,buntlines,342
U-160,buntlines,1154
U-160,buntlines,231
U-160,buntlines,488
U-160,buntlines,1166
U-160,buntlines,160
U-161,ethical,665
U-161,ethical,883
U-161,ethical,958
U-161,ethical,623
U-161,ethical,1028
U-162,Grenville,771
U-162,Grenville,524
U-162,Grenville,425
U-162,Grenville,321
U-163,decollated,786
U-163,decollated,950
U-163,decollated,305
U-163,unpacked,903
U-163,unpacked,437
U-163,unpacked,539
U-164,side-file,353
U-164,side-file,1144
U-164,side-file,424
U-164,dispitous,1156
U-164,dispitous,181
U-164,dispitous,577
U-164,dispitous,872
U-165,nephritis,603
U-165,nephritis,1037
U-165,nephritis,816
U-165,nephritis,855
U-165,nephritis,99
U-165,rocky,173
U-165,rocky,641
U-165,rocky,899
U-165,rocky,969
U-165,rocky,305
U-165,rocky,228
U-166,mouse-over,1042
U-166,mouse-over,228
U-166,mouse-over,132
U-166,mouse-over,951
U-166,demurrable,577
U-166,demurrable,796
U-166,demurrable,1134
U-166,dangdut,644
U-166,dangdut,524
U-166,dangdut,58
U-166,dangdut,927
U-167,yellowish,673
U-167,yellowish,864
U-167,yellowish,651
U-167,pieman,756
U-167,pieman,575
U-167,mart-town,814
U-167,mart-town,89
U-167,mart-town,1065
U-167,mart-town,901
U-167,mart-town,69
U-167,mojarra,660
U-167,mojarra,1098
U-168,temia,825
U-168,temia,617
U-168,pothouse,103
U-168,pothouse,731
U-168,pothouse,82
U-168,pothouse,260
U-168,pothouse,685
U-168,forestine,3
U-168,forestine,259
U-168,forestine,383
U-168,forestine,1
U-169,jabirus,172
U-169,jabirus,336
U-169,jabirus,293
U-169,jabirus,1129
U-169,haler,848
U-169,haler,993
U-169,haler,363
U-170,celibately,418
U-170,celibately,194
U-170,iguanian,100
U-170,iguanian,335
U-170,iguanian,477
U-170,unclimbed,915
U-170,unclimbed,349
U-170,unclimbed,978
U-170,unclimbed,382
U-170,unclimbed,200
U-170,unclimbed,397
U-170,binnick,881
U-170,binnick,1108
U-170,binnick,489
U-170,binnick,419
U-170,binnick,450
U-170,binnick,583
U-171,unswell,460
U-171,unswell,195
U-171,unswell,165
U-171,quizzery,592
U-171,quizzery,674
U-171,quizzery,864
U-171,quizzery,1167
U-171,quizzery,883
U-171,bruting,496
U-171,bruting,454
U-171,bruting,809
U-171,bruting,770
U-171,bruting,247
U-171,bruting,457
U-172,chuckles,264
U-172,chuckles,954
U-172,chuckles,713
U-172,effray,667
U-172,effray,649
U-172,effray,611
U-172,condor,955
U-172,condor,247
U-172,cytometry,314
U-172,cytometry,275
U-172,cytometry,382
U-172,cytometry,796
U-172,cytometry,555
U-173,wanderlust,797
U-173,wanderlust,932
U-173,bijous,1159
U-173,bijous,26
U-174,tingles,1099
U-174,tingles,967
U-174,tingles,263
U-174,Medusa,150
U-174,Medusa,653
U-174,Medusa,7
U-174,Medusa,1054
U-174,mythist,440
U-174,mythist,312
U-174,mythist,1115
U-174,mythist,1151
U-174,mythist,605
U-174,mythist,326
U-174,caputium,78
U-174,caputium,406
U-175,joyed,85
U-175,joyed,465
U-175,joyed,152
U-175,victimise,233
U-175,victimise,510
U-175,victimise,895
U-175,victimise,426
U-176,saturate,675
U-176,saturate,336
U-176,saturate,597
U-176,saturate,901
U-176,saturate,404
U-176,saturate,318
U-176,enfect,68
U-176,enfect,472
U-176,enfect,35
U-176,enfect,867
U-176,enfect,392
U-176,enfect,585
U-176,purls,605
U-176,purls,203
U-176,purls,170
U-176,profanest,378
U-176,profanest,197
U-176,profanest,365
U-176,profanest,801
U-177,obscene,501
U-177,obscene,157
U-177,obscene,796
U-177,obscene,401
U-177,tautly,205
U-177,tautly,257
U-177,tautly,197
U-177,tautly,84
U-177,wavery,415
U-177,wavery,451
U-177,wavery,316
U-177,wavery,885
U-177,tickies,332
U-177,tickies,570
U-177,tickies,498
U-177,tickies,910
U-177,tickies,233
U-177,tickies,282
U-178,misuser,1184
U-178,misuser,117
U-178,misuser,698
U-178,misuser,452
U-178,misuser,940
U-178,misuser,192
U-178,lime-soap,810
U-178,lime-soap,561
U-178,imposement,670
U-178,imposement,1029
U-178,man-witch,504
U-178,man-witch,1118
U-179,unthanked,31
U-179,unthanked,782
U-179,unthanked,638
U-179,unthanked,276
U-179,calliver,939
U-179,calliver,1148
U-179,mensal,301
U-179,mensal,1183
U-180,consents,116
U-180,consents,343
U-180,grrrl,1173
U-180,grrrl,582
U-180,grrrl,325
U-180,grrrl,634
U-180,grrrl,180
U-180,grrrl,1088
U-180,willed,730
U-180,willed,1006
U-180,willed,1123
U-180,willed,743
U-180,willed,448
U-180,ignoration,515
U-180,ignoration,341
U-180,ignoration,308
U-180,ignoration,415
U-180,ignoration,1012
U-181,thins,561
U-181,thins,289
U-181,thins,22
U-181,thins,267
U-181,thins,1147
U-181,landrush,961
U-181,landrush,317
U-181,landrush,589
U-181,landrush,483
U-181,queried,557
U-181,queried,182
U-181,queried,787
U-181,queried,782
U-181,queried,1120
U-181,sputterer,546
U-181,sputterer,2
U-181,sputterer,585
U-182,detecting,436
U-182,detecting,109
U-182,detecting,1082
U-182,detecting,703
U-183,kickstands,692
U-183,kickstands,687
U-183,kickstands,938
U-183,kickstands,782
U-183,cat's-eye,633
U-183,cat's-eye,553
U-183,cat's-eye,385
U-183,cat's-eye,568
U-183,cat's-eye,1162
U-183,cat's-eye,1140
U-183,Qatar,847
U-183,Qatar,655
U-183,Qatar,107
U-183,Qatar,500
U-183,Qatar,342
U-183,anacolutha,792
U-183,anacolutha,560
U-183,anacolutha,775
U-183,anacolutha,222
U-184,vasculose,6
U-184,vasculose,379
U-184,vasculose,192
U-184,vasculose,385
U-184,lodomy,673
U-184,lodomy,1134
U-184,lodomy,649
U-184,lodomy,810
U-184,lodomy,596
U-184,semi-final,1130
U-184,semi-final,933
U-184,severable,144
U-184,severable,911
U-184,severable,470
U-185,retsina,433
U-185,retsina,383
U-185,retsina,1145
U-185,retsina,626
U-185,umbar,68
U-185,umbar,542
U-185,umbar,1076
U-185,umbar,1007
U-185,umbar,880
U-185,umbar,836
U-185,filum,493
U-185,filum,12
U-185,filum,475
U-185,filum,1052
U-186,William IV,639
U-186,William IV,158
U-186,William IV,312
U-186,eXposed,452
U-186,eXposed,888
U-186,eXposed,862
U-186,eXposed,44
U-186,eXposed,817
U-186,snakish,310
U-186,snakish,233
U-186,snakish,791
U-186,snakish,40
U-186,snakish,1015
U-186,gymgoers,971
U-186,gymgoers,43
U-186,gymgoers,465
U-186,gymgoers,955
U-187,humilific,948
U-187,humilific,703
U-187,broud,610
U-187,broud,37
U-187,broud,176
U-187,broud,679
U-187,broud,294
U-187,broud,117
U-187,lay-out,1064
U-187,lay-out,384
U-187,lay-out,1191
U-187,lay-out,1175
U-187,lay-out,1027
U-187,lay-out,656
U-187,baggalas,621
U-187,baggalas,724
U-187,baggalas,195
U-187,baggalas,176
U-187,baggalas,341
U-188,microbeads,782
U-188,microbeads,313
U-188,Luxemburg,1003
U-188,Luxemburg,678
U-188,Santa Fé,671
U-188,Santa Fé,135
U-188,forestays,748
U-188,forestays,1145
U-189,gills,905
U-189,gills,752
U-189,gills,227
U-189,gills,763
U-189,gills,587
U-189,tingly,1131
U-189,tingly,643
U-189,tingly,926
U-189,tingly,1122
U-189,tingly,83
U-189,bolock,152
U-189,bolock,1169
U-189,bolock,316
U-189,bolock,261
U-190,trappers,796
U-190,trappers,525
U-190,trappers,225
U-190,trappers,203
U-190,trappers,52
U-190,myasis,645
U-190,myasis,443
U-190,dragoon,5
U-190,dragoon,824
U-190,dragoon,43
U-190,cognisant,201
U-190,cognisant,266
U-190,cognisant,1033
U-190,cognisant,1149
U-190,cognisant,264
U-191,woodmice,1027
U-191,woodmice,160
U-191,woodmice,501
U-191,woodmice,993
U-192,Skopos,50
U-192,Skopos,562
U-192,Skopos,1032
U-192,Skopos,664
U-192,Skopos,642
U-192,panarchy,1108
U-192,panarchy,488
U-192,panarchy,740
U-192,nomia,639
U-192,nomia,508
U-192,nomia,286
U-192,designed,513
U-192,designed,89
U-192,designed,462
U-193,zigger,854
U-193,zigger,596
U-193,zigger,918
U-193,zigger,14
U-193,zigger,68
U-193,zigger,604
U-194,hyperbolic,917
U-194,hyperbolic,599
U-194,stimulates,167
U-194,stimulates,624
U-194,stimulates,1183
U-194,stimulates,606
U-195,coonasses,927
U-195,coonasses,433
U-195,gaugino,116
U-195,gaugino,259
U-195,gaugino,567
U-195,gaugino,1107
U-195,boredom,95
U-195,boredom,82
U-195,boredom,876
U-195,boredom,1043
U-195,boredom,24
U-195,boredom,244
U-195,durometer,746
U-195,durometer,404
U-195,durometer,625
U-195,durometer,955
U-195,durometer,17
U-196,supern,97
U-196,supern,469
U-196,supern,714
U-196,supern,79
U-196,supern,207
U-197,liquifies,624
U-197,liquifies,398
U-198,wafting,435
U-198,wafting,974
U-198,wafting,321
U-198,wafting,467
U-198,wafting,577
U-198,wafting,613
U-198,spycraft,617
U-198,spycraft,456
U-198,spycraft,941
U-198,spycraft,439
U-198,shashlick,580
U-198,shashlick,584
U-198,shashlick,117
U-198,shashlick,969
U-198,sadden,284
U-198,sadden,912
U-198,sadden,1073
U-198,sadden,669
U-199,IAWTP,267
U-199,IAWTP,766
U-199,IAWTP,443
U-199,Unions,466
U-199,Unions,544
U-199,Unions,823
U-199,Unions,316
U-199,Unions,1040
U-199,Unions,874
U-199,despoiling,196
U-199,despoiling,224
U-199,despoiling,1010
U-199,Mosby,82
U-199,Mosby,468
U-199,Mosby,560
U-199,Mosby,19
U-199,Mosby,345
U-200,kronurs,1103
U-200,kronurs,274
U-200,kronurs,36
U-200,kronurs,123
U-200,kronurs,623
U-200,belles,478
U-200,belles,305
U-200,belles,891
U-201,Maler,452
U-201,Maler,335
U-201,Maler,392
U-201,Maler,20
U-201,Maler,667
U-201,Maler,632
U-201,red-legs,1164
U-201,red-legs,334
U-201,red-legs,804
U-201,red-legs,455
U-201,red-legs,322
U-201,capitan,962
U-201,capitan,847
U-201,capitan,115
U-201,capitan,677
U-201,Sephardic,420
U-201,Sephardic,713
U-201,Sephardic,659
U-201,Sephardic,236
U-201,Sephardic,859
U-201,Sephardic,217
U-202,advancer,429
U-202,advancer,583
U-202,advancer,28
U-202,awardable,850
U-202,awardable,1083
U-202,awardable,864
U-202,excites,776
U-202,excites,274
U-202,funneling,574
U-202,funneling,960
U-202,funneling,30
U-203,tallgrass,573
U-203,tallgrass,929
U-203,tallgrass,554
U-203,warble-fly,351
U-203,warble-fly,1102
U-203,unrightful,988
U-203,unrightful,638
U-203,unrightful,991
U-203,unrightful,1038
U-203,unrightful,67
U-204,factorem,224
U-204,factorem,422
U-204,factorem,408
U-204,factorem,459
U-204,factorem,589
U-204,valuates,788
U-204,valuates,953
U-205,axonemes,36
U-205,axonemes,193
U-205,axonemes,891
U-205,reanalyze,75
U-205,reanalyze,911
U-206,oceanliner,433
U-206,oceanliner,472
U-206,oceanliner,1004
U-206,oceanliner,896
U-206,oceanliner,387
U-206,oceanliner,960
U-206,ponton,14
U-206,ponton,77
U-206,ponton,52
U-207,Jordanian,246
U-207,Jordanian,901
U-207,learns,429
U-207,learns,14
U-207,learns,416
U-207,learns,573
U-207,learns,175
U-207,learns,1081
U-207,preceed,218
U-207,preceed,1052
U-207,preceed,1108
U-207,preceed,666
U-207,preceed,1162
U-207,preceed,531
U-207,refeeding,1110
U-207,refeeding,1134
U-207,refeeding,504
U-208,cockbill,599
U-208,cockbill,122
U-208,cockbill,1065
U-208,cockbill,755
U-208,Fwiffo,34
U-208,Fwiffo,635
U-208,Fwiffo,614
U-208,monition,898
U-208,monition,610
U-208,monition,166
U-208,monition,1121
U-208,hygeist,542
U-208,hygeist,703
U-208,hygeist,818
U-208,hygeist,115
U-208,hygeist,1072
U-209,squirel,902
U-209,squirel,1087
U-209,squirel,85
U-209,squirel,973
U-209,squirel,764
U-209,squirel,52
U-209,superman,206
U-209,superman,444
U-209,superman,1163
U-209,firebrick,950
U-209,firebrick,627
U-210,squiredom,686
U-210,squiredom,1014
U-210,coruscates,31
U-210,coruscates,913
U-210,selling,1173
U-210,selling,716
U-210,selling,745
U-210,selling,577
U-210,selling,1117
U-210,selling,395
U-210,imputed,1140
U-210,imputed,1025
U-210,imputed,36
U-210,imputed,266
U-211,hymnarium,1001
U-211,hymnarium,389
U-211,texturing,737
U-211,texturing,1134
U-211,texturing,885
U-211,upsetting,6
U-211,upsetting,1155
U-211,upsetting,151
U-211,timeline,845
U-211,timeline,923
U-212,jalop,35
U-212,jalop,147
U-212,jalop,1016
U-212,jalop,813
U-212,sporogonic,421
U-212,sporogonic,535
U-212,sporogonic,1
U-212,sporogonic,820
U-212,sporogonic,1014
U-212,sporogonic,543
U-212,gaoling,393
U-212,gaoling,392
U-212,gaoling,189
U-212,gaoling,545
U-212,gaoling,47
U-212,hottering,85
U-212,hottering,1069
U-212,hottering,882
U-212,hottering,1062
U-212,hottering,934
U-213,GIMPs,1007
U-213,GIMPs,869
U-213,GIMPs,1009
U-213,ceroplast,1060
U-213,ceroplast,352
U-213,ceroplast,69
U-213,ceroplast,636
U-213,ceroplast,173
U-213,bail-outs,709
U-213,bail-outs,134
U-213,bail-outs,560
U-213,bail-outs,400
U-213,thyrotoxic,1025
U-213,thyrotoxic,628
U-213,thyrotoxic,674
U-214,savoury,516
U-214,savoury,424
U-214,savoury,314
U-214,savoury,856
U-214,savoury,23
U-215,dialysates,808
U-215,dialysates,1038
U-215,dialysates,4
U-215,dialysates,590
U-215,dialysates,695
U-215,midding,300
U-215,midding,591
U-215,homotypy,1036
U-215,homotypy,335
U-216,aeromancy,694
U-216,aeromancy,337
U-216,aeromancy,479
U-216,aeromancy,1086
U-216,aeromancy,1016
U-216,aeromancy,1099
U-216,sextette,108
U-216,sextette,686
U-216,sextette,126
U-216,sextette,819
U-216,sextette,941
U-216,sextette,496
U-217,magism,517
U-217,magism,1021
U-217,magism,816
U-218,zincotype,781
U-218,zincotype,647
U-218,sputtered,887
U-218,sputtered,634
U-218,sputtered,310
U-218,pertinence,959
U-218,pertinence,102
U-218,pertinence,576
U-218,pertinence,696
U-218,pertinence,1073
U-219,rennet-bag,349
U-219,rennet-bag,1031
U-219,rennet-bag,483
U-219,terrific,496
U-219,terrific,3
U-219,terrific,677
U-219,terrific,367
U-219,disennoble,731
U-219,disennoble,1006
U-219,disennoble,416
U-219,disennoble,47
U-219,disennoble,1032
U-219,kieserite,70
U-219,kieserite,708
U-219,kieserite,715
U-219,kieserite,390
U-220,docket,872
U-220,docket,531
U-220,docket,40
U-220,nunnery,1023
U-220,nunnery,83
U-221,crooner,144
U-221,crooner,1140
U-222,binocle,538
U-222,binocle,156
U-222,binocle,381
U-222,binocle,372
U-222,binocle,467
U-222,prenomen,1188
U-222,prenomen,276
U-222,prenomen,314
U-223,woundless,582
U-223,woundless,525
U-223,couriers,956
U-223,couriers,851
U-223,couriers,770
U-223,couriers,750
U-224,lavishly,1113
U-224,lavishly,253
U-225,ice-fog,1043
U-225,ice-fog,835
U-225,ice-fog,732
U-225,ice-fog,1059
U-225,ice-fog,378
U-225,ice-fog,153
U-226,poche,810
U-226,poche,398
U-226,poche,323
U-226,poche,165
U-226,boarish,258
U-226,boarish,216
U-226,boarish,509
U-226,apraxia,1127
U-226,apraxia,308
U-226,apraxia,922
U-227,vunerable,387
U-227,vunerable,548
U-227,Oshogbo,1010
U-227,Oshogbo,277
U-227,Oshogbo,921
U-227,Oshogbo,771
U-227,Oshogbo,29
U-227,Oshogbo,54
U-227,Bryzgalov,436
U-227,Bryzgalov,588
U-227,Bryzgalov,1144
U-227,Bryzgalov,778
U-227,Bryzgalov,891
U-227,Bryzgalov,80
U-227,Adamnan,220
U-227,Adamnan,921
U-227,Adamnan,15
U-227,Adamnan,1097
U-227,Adamnan,605
U-227,Adamnan,602
U-228,halves,299
U-228,halves,7
U-228,halves,647
U-228,halves,635
U-228,halves,215
U-228,lintstock,2
U-228,lintstock,59
U-228,lintstock,143
U-228,lintstock,418
U-228,lintstock,180
U-229,torment,166
U-229,torment,130
U-229,torment,628
U-229,torment,59
U-229,torment,508
U-230,annotate,433
U-230,annotate,508
U-230,annotate,1145
U-230,annotate,769
U-230,annotate,102
U-230,annotate,295
U-230,therm,92
U-230,therm,1031
U-230,therm,1173
U-230,therm,692
U-230,therm,632
U-230,therm,1137
U-230,vindicate,713
U-230,vindicate,215
U-230,vindicate,994
U-230,vindicate,1007
U-230,lambswool,336
U-230,lambswool,740
U-230,lambswool,761
U-231,cofound,432
U-231,cofound,530
U-231,cofound,279
U-231,cofound,813
U-231,cofound,358
U-231,cofound,1050
U-231,unsullied,963
U-231,unsullied,710
U-231,unsullied,487
U-231,unsullied,172
U-231,unsullied,495
U-231,unsullied,561
U-231,Chewas,259
U-231,Chewas,864
U-231,Bowflex,622
U-231,Bowflex,246
U-231,Bowflex,1129
U-231,Bowflex,1142
U-231,Bowflex,464
U-231,Bowflex,1104
U-232,Sloanies,284
U-232,Sloanies,495
U-232,Sloanies,522
U-233,syrus,833
U-233,syrus,752
U-233,syrus,239
U-233,syrus,269
U-233,syrus,84
U-233,syrus,1047
U-233,thinnify,594
U-233,thinnify,495
U-233,thinnify,663
U-233,thinnify,64
U-233,hydræ,14
U-233,hydræ,252
U-233,hydræ,511
U-233,hydræ,624
U-233,hydræ,384
U-233,long-chain,970
U-233,long-chain,914
U-233,long-chain,528
U-233,long-chain,387
U-233,long-chain,472
U-234,puddle,992
U-234,puddle,1098
U-234,puddle,1031
U-234,puddle,333
U-234,saged,1132
U-234,saged,704
U-234,saged,818
U-234,unstained,190
U-234,unstained,809
U-234,unstained,313
U-234,unstained,643
U-234,unstained,605
U-235,Monica,38
U-235,Monica,271
U-235,decohered,689
U-235,decohered,160
U-235,decohered,153
U-235,decohered,822
U-235,decohered,797
U-235,exocrine,890
U-235,exocrine,698
U-235,resultate,1075
U-235,resultate,579
U-235,resultate,1176
U-236,prehuman,18
U-236,prehuman,239
U-236,prehuman,1022
U-236,Eyemouth,558
U-236,Eyemouth,446
U-236,Eyemouth,1074
U-236,Eyemouth,310
U-236,Eyemouth,1016
U-236,Eyemouth,895
U-236,haircloth,757
U-236,haircloth,370
U-236,haircloth,315
U-236,haircloth,959
U-236,hurdles,106
U-236,hurdles,601
U-236,hurdles,1121
U-236,hurdles,837
U-236,hurdles,894
U-236,hurdles,441
U-237,declaimant,461
U-237,declaimant,842
U-237,declaimant,88
U-237,substruct,101
U-237,substruct,1076
U-237,substruct,790
U-237,substruct,927
U-237,jails,172
U-237,jails,597
U-237,jails,896
U-237,jails,1172
U-237,jails,879
U-238,witchhunts,193
U-238,witchhunts,816
U-238,halos,1187
U-238,halos,271
U-238,recused,821
U-238,recused,715
U-238,recused,891
U-238,rales,760
U-238,rales,515
U-238,rales,159
U-238,rales,611
U-238,rales,993
U-238,rales,310
U-239,wolfish,294
U-239,wolfish,191
U-239,wolfish,1135
U-239,wolfish,968
U-239,wolfish,1002
U-239,reemerges,1128
U-239,reemerges,975
U-240,something,1191
U-240,something,31
U-240,something,459
U-241,bolita,426
U-241,bolita,1188
U-241,morals,947
U-241,morals,1118
U-241,morals,789
U-242,tricyclist,659
U-242,tricyclist,305
U-242,tricyclist,569
U-242,tricyclist,347
U-243,Yosemite,824
U-243,Yosemite,850
U-243,Yosemite,113
U-243,Yosemite,915
U-243,pasteboard,532
U-243,pasteboard,829
U-243,fascinoma,257
U-243,fascinoma,811
U-243,fascinoma,716
U-243,fascinoma,200
U-243,fascinoma,493
U-243,fascinoma,353
U-244,wench,364
U-244,wench,596
U-245,gigacycle,953
U-245,gigacycle,1095
U-245,gigacycle,628
U-245,gigacycle,577
U-245,gigacycle,920
U-245,stills,846
U-245,stills,112
U-245,stills,996
U-245,stills,780
U-245,stills,195
U-245,specularia,1017
U-245,specularia,357
U-245,lustering,520
U-245,lustering,1007
U-245,lustering,856
U-245,lustering,703
U-246,Calcutta,204
U-246,Calcutta,1164
U-246,Calcutta,242
U-247,nonlisted,634
U-247,nonlisted,302
U-247,nonlisted,80
U-247,nonlisted,754
U-247,titrates,474
U-247,titrates,640
U-247,titrates,1173
U-247,titrates,240
U-247,titrates,299
U-247,titrates,25
U-247,obscenity,108
U-247,obscenity,771
U-247,obscenity,659
U-247,obscenity,547
U-248,Glomma,52
U-248,Glomma,759
U-248,taxed,998
U-248,taxed,1071
U-248,taxed,1155
U-248,taxed,718
U-248,taxed,232
U-248,snowproof,443
U-248,snowproof,638
U-248,snowproof,726
U-248,leoninely,637
U-248,leoninely,564
U-249,indicating,250
U-249,indicating,945
U-249,indicating,469
U-249,indicating,436
U-249,indicating,1042
U-249,indicating,1159
U-249,spurrier,1060
U-249,spurrier,301
U-249,spurrier,472
U-249,spurrier,1021
U-249,spurrier,51
U-249,spurrier,1022
U-249,amortizes,628
U-249,amortizes,55
U-249,amortizes,564
U-249,amortizes,202
U-249,amortizes,1081
U-250,shirking,108
U-250,shirking,889
U-250,shirking,800
U-250,shirking,541
U-250,shirking,1066
U-250,shirking,285
U-250,holds,148
U-250,holds,999
U-250,holds,996
U-250,holds,81
U-250,holds,1144
U-250,excavated,1102
U-250,excavated,506
U-250,excavated,202
U-250,excavated,1076
U-250,excavated,398
U-250,earls,1037
U-250,earls,173
U-250,earls,15
U-251,hydro-,11
U-251,hydro-,979
U-251,hydro-,35
U-251,hydro-,821
U-251,muddlement,767
U-251,muddlement,35
U-251,muddlement,1018
U-251,muddlement,73
U-251,muddlement,836
U-251,muddlement,724
U-251,obverse,479
U-251,obverse,745
U-252,iconicity,195
U-252,iconicity,143
U-252,iconicity,581
U-252,iconicity,60
U-252,iconicity,1147
U-252,supermales,507
U-252,supermales,417
U-252,supermales,661
U-252,supermales,787
U-252,supermales,92
U-252,narcosis,1049
U-252,narcosis,683
U-252,narcosis,14
U-252,absolution,462
U-252,absolution,1002
U-252,absolution,515
U-252,absolution,497
U-252,absolution,88
U-252,absolution,215
U-253,capitular,1140
U-253,capitular,514
U-253,Swindonian,544
U-253,Swindonian,451
U-253,Swindonian,670
U-253,eggbox,845
U-253,eggbox,334
U-254,lapboards,678
U-254,lapboards,577
U-254,lapboards,688
U-254,lapboards,900
U-254,lapboards,709
U-254,unpack,662
U-254,unpack,183
U-254,unpack,268
U-254,unpack,824
U-254,unpack,460
U-254,unpack,1013
U-254,dislikes,299
U-254,dislikes,392
U-254,dislikes,1117
U-254,dislikes,540
U-254,dislikes,134
U-255,Alphonso,1119
U-255,Alphonso,419
U-255,Alphonso,629
U-256,bowking,871
U-256,bowking,575
U-256,bowking,531
U-256,bowking,760
U-256,bowking,455
U-256,echidnas,91
U-256,echidnas,361
U-256,echidnas,167
U-257,monographs,535
U-257,monographs,951
U-257,monographs,255
U-258,ying-yang,147
U-258,ying-yang,340
U-258,rechabite,635
U-258,rechabite,295
U-258,rechabite,866
U-258,rechabite,1124
U-258,rechabite,241
U-259,storers,934
U-259,storers,814
U-259,storers,1033
U-259,storers,804
U-259,storers,445
U-259,storers,647
U-260,alnager,283
U-260,alnager,1098
U-260,alnager,567
U-260,alnager,645
U-260,alnager,748
U-261,maligner,1007
U-261,maligner,316
U-261,maligner,1092
U-261,maligner,198
U-262,hail-cloud,724
U-262,hail-cloud,470
U-262,hail-cloud,78
U-262,hail-cloud,411
U-262,hail-cloud,673
U-263,unobtained,771
U-263,unobtained,307
U-263,unobtained,182
U-263,growed,439
U-263,growed,451
U-263,boughs,946
U-263,boughs,548
U-263,boughs,876
U-263,boughs,221
U-263,spraint,167
U-263,spraint,782
U-263,spraint,170
U-263,spraint,1046
U-263,spraint,1002
U-264,baryonic,821
U-264,baryonic,376
U-264,baryonic,566
U-264,baryonic,932
U-264,baryonic,319
U-264,magnitude,779
U-264,magnitude,17
U-264,magnitude,164
U-264,magnitude,18
U-264,magnitude,337
U-264,magnitude,611
U-265,misallied,403
U-265,misallied,719
U-265,misallied,726
U-265,misallied,317
U-266,raffishly,330
U-266,raffishly,455
U-266,raffishly,376
U-266,raffishly,410
U-266,Grenville,1020
U-266,Grenville,837
U-266,Grenville,196
U-266,Grenville,294
U-267,allwhere,327
U-267,allwhere,1144
U-267,allwhere,632
U-268,Falasha,829
U-268,Falasha,90
U-268,Falasha,819
U-268,atheising,269
U-268,atheising,244
U-268,atheising,1012
U-268,Amaya,406
U-268,Amaya,301
U-268,Amaya,943
U-268,Amaya,306
U-268,Amaya,312
U-268,stalemated,467
U-268,stalemated,139
U-268,stalemated,149
U-268,stalemated,479
U-268,stalemated,80
U-268,stalemated,1131
U-269,balletlike,633
U-269,balletlike,697
U-269,balletlike,1017
U-269,balletlike,131
U-269,Leninakan,1097
U-269,Leninakan,1146
U-269,Leninakan,686
U-269,Leninakan,499
U-269,Leninakan,969
U-269,steam-gas,924
U-269,steam-gas,114
U-269,steam-gas,784
U-269,steam-gas,504
U-269,steam-gas,1088
U-269,vaccines,260
U-269,vaccines,132
U-269,vaccines,583
U-269,vaccines,768
U-269,vaccines,504
U-270,waterwheel,340
U-270,waterwheel,1033
U-270,waterwheel,517
U-270,puntee,151
U-270,puntee,1101
U-270,puntee,82
U-270,puntee,988
U-270,puntee,331
U-270,Brittanys,810
U-270,Brittanys,119
U-270,Brittanys,311
U-270,Brittanys,168
U-271,Paraíba,1098
U-271,Paraíba,1070
U-271,Paraíba,480
U-271,screw-pile,433
U-271,screw-pile,1121
U-271,tripos,990
U-271,tripos,1069
U-271,tripos,755
U-271,tripos,484
U-271,tripos,1022
U-271,tripos,855
U-271,extroverts,182
U-271,extroverts,1087
U-272,dabble,70
U-272,dabble,760
U-272,dabble,602
U-272,dabble,719
U-272,dabble,617
U-272,throe,872
U-272,throe,1175
U-272,throe,940
U-272,throe,251
U-272,throe,36
U-272,repassant,442
U-272,repassant,589
U-272,repassant,1102
U-272,repassant,1193
U-272,repassant,935
U-273,puces,513
U-273,puces,797
U-273,puces,157
U-273,puces,828
U-273,puces,594
U-273,rasagiline,808
U-273,rasagiline,1193
U-273,rasagiline,122
U-273,quines,1115
U-273,quines,1147
U-273,quines,147
U-273,quines,220
U-274,encipher,625
U-274,encipher,1175
U-274,encipher,789
U-275,whippets,395
U-275,whippets,813
U-275,whippets,459
U-275,whippets,355
U-275,whippets,662
U-276,cineplexes,104
U-276,cineplexes,305
U-276,prophesize,577
U-276,prophesize,52
U-276,prophesize,1014
U-276,prophesize,189
U-276,prophesize,410
U-277,messaging,1013
U-277,messaging,1147
U-277,messaging,54
U-277,messaging,995
U-278,Costcutter,968
U-278,Costcutter,102
U-278,Costcutter,49
U-278,fluttery,308
U-278,fluttery,909
U-278,fluttery,477
U-278,morbidity,181
U-278,morbidity,209
U-278,morbidity,673
U-278,morbidity,978
U-279,readjuster,474
U-279,readjuster,1148
U-279,readjuster,1040
U-279,readjuster,897
U-279,readjuster,168
U-279,by-by,403
U-279,by-by,1010
U-280,anti-white,1096
U-280,anti-white,414
U-280,anti-white,589
U-280,gateman,481
U-280,gateman,560
U-280,gateman,490
U-280,gateman,1057
U-281,untarred,977
U-281,untarred,121
U-281,untarred,1079
U-281,Krefeld,876
U-281,Krefeld,338
U-281,Krefeld,997
U-281,Krefeld,57
U-281,justices,304
U-281,justices,210
U-281,justices,1155
U-281,mechitza,548
U-281,mechitza,944
U-281,mechitza,363
U-281,mechitza,660
U-281,mechitza,340
U-282,placoid,982
U-282,placoid,928
U-282,placoid,1035
U-282,hoatzin,124
U-282,hoatzin,426
U-282,hoatzin,938
U-282,hoatzin,421
U-282,hoatzin,589
U-282,hoatzin,498
U-282,goldbricks,490
U-282,goldbricks,1023
U-282,goldbricks,1183
U-282,goldbricks,1154
U-282,goldbricks,244
U-283,dampen,534
U-283,dampen,746
U-284,clankier,989
U-284,clankier,662
U-284,clankier,1039
U-284,clankier,1116
U-284,clankier,1129
U-284,clankier,652
U-284,corpuscle,464
U-284,corpuscle,277
U-284,corpuscle,968
U-284,corpuscle,672
U-284,corpuscle,859
U-285,dung-worm,906
U-285,dung-worm,229
U-285,dung-worm,409
U-285,dung-worm,584
U-285,dung-worm,564
U-285,atellan,440
U-285,atellan,650
U-285,atellan,723
U-285,atellan,235
U-285,atellan,20
U-286,hypersolid,1049
U-286,hypersolid,592
U-286,hypersolid,314
U-286,hypersolid,450
U-286,hypersolid,730
U-286,hypersolid,494
U-286,doubters,725
U-286,doubters,863
U-286,doubters,652
U-286,doubters,121
U-286,cushiony,204
U-286,cushiony,789
U-286,cushiony,212
U-286,cushiony,802
U-286,cushiony,89
U-286,cushiony,762
U-286,paceman,1165
U-286,paceman,418
U-287,digress,783
U-287,digress,605
U-287,digress,900
U-287,digress,594
U-287,spy-fi,869
U-287,spy-fi,87
U-288,sepsis,296
U-288,sepsis,581
U-288,sepsis,342
U-288,sepsis,118
U-288,sepsis,895
U-288,sepsis,718
U-288,frazzles,70
U-288,frazzles,239
U-288,frazzles,690
U-288,frazzles,1159
U-288,frazzles,794
U-289,uncrowded,421
U-289,uncrowded,24
U-289,uncrowded,821
U-289,uncrowded,192
U-289,puissantly,585
U-289,puissantly,335
U-289,puissantly,1013
U-289,polemicist,108
U-289,polemicist,555
U-289,polemicist,251
U-289,polemicist,61
U-289,polemicist,91
U-289,synagogal,90
U-289,synagogal,229
U-289,synagogal,560
U-290,quirked,1137
U-290,quirked,985
U-290,quirked,655
U-290,quirked,1001
U-290,weatherise,39
U-290,weatherise,1036
U-290,filicic,143
U-290,filicic,935
U-290,filicic,738
U-290,filicic,110
U-290,filicic,173
U-291,aventails,199
U-291,aventails,426
U-291,aventails,1097
U-291,aventails,906
U-292,tp'ed,1191
U-292,tp'ed,586
U-292,tp'ed,947
U-292,tp'ed,505
U-292,tp'ed,652
U-293,gemman,765
U-293,gemman,555
U-293,gemman,300
U-294,pom-poms,662
U-294,pom-poms,320
U-294,pom-poms,1018
U-294,squeteague,1150
U-294,squeteague,774
U-294,squeteague,445
U-294,squeteague,1031
U-294,squeteague,930
U-294,neckcloth,498
U-294,neckcloth,1072
U-294,neckcloth,1083
U-294,neckcloth,282
U-294,neckcloth,1189
U-294,neckcloth,274
U-294,endears,57
U-294,endears,378
U-294,endears,124
U-294,endears,104
U-294,endears,436
U-295,campo,1020
U-295,campo,898
U-295,cricketing,367
U-295,cricketing,846
U-295,cricketing,809
U-295,cricketing,1087
U-295,cricketing,209
U-295,woodstoves,254
U-295,woodstoves,382
U-295,woodstoves,1113
U-295,woodstoves,671
U-296,quarrelous,1060
U-296,quarrelous,551
U-296,quarrelous,485
U-296,quarrelous,525
U-296,truckman,969
U-296,truckman,899
U-296,truckman,827
U-296,truckman,336
U-296,truckman,1188
U-296,infills,324
U-296,infills,467
U-296,infills,118
U-296,infills,533
U-296,infills,1165
U-297,helpers,810
U-297,helpers,203
U-297,helpers,804
U-297,helpers,521
U-297,helpers,247
U-297,helpers,843
U-297,codecs,507
U-297,codecs,671
U-297,codecs,844
U-297,ultra,1036
U-297,ultra,955
U-297,ultra,877
U-297,ultra,7
U-297,foundered,979
U-297,foundered,1023
U-297,foundered,909
U-297,foundered,311
U-297,foundered,802
U-297,foundered,156
U-298,dynastic,146
U-298,dynastic,284
U-298,royalized,502
U-298,royalized,565
U-298,royalized,236
U-298,turbanned,1178
U-298,turbanned,502
U-298,turbanned,417
U-298,turbanned,597
U-299,bleated,1032
U-299,bleated,165
U-299,bleated,836
U-299,bleated,526
U-299,bleated,628
U-299,bleated,838
U-300,flameless,655
U-300,flameless,510
U-300,flameless,159
U-300,flameless,1053
U-300,flameless,187
U-300,flameless,354
U-300,moisty,1164
U-300,moisty,443
U-300,moisty,346
